{"cameraMode":{"drawMode":0,"name":"Shaded","section":"Shading Mode"},"sceneLighting":true,"audioPlay":false,"sceneViewState":{"m_AlwaysRefresh":false,"showFog":true,"showSkybox":true,"showFlares":true,"showImageEffects":true,"showParticleSystems":true,"showVisualEffectGraphs":true,"m_FxEnabled":true},"in2DMode":false,"pivot":{"x":1.841685175895691,"y":0.5337096452713013,"z":-0.291116327047348},"rotation":{"x":-0.024983417242765428,"y":0.6957857608795166,"z":-0.024229122325778009,"w":-0.7174100875854492},"size":1.3449110984802247,"orthographic":false}